Height,Lenght,Area,Eccen,P_black,P_and,Mean_tr,Blackpix,Blackand,Wb_trans,Class
3,113,339,37.667,0.41,0.472,13.9,139,160,10,negative
3,59,177,19.667,0.475,0.475,84.0,84,84,1,negative
2,20,40,10.0,0.675,0.675,27.0,27,27,1,negative
2,101,202,50.5,0.54,0.743,10.9,109,150,10,negative
4,194,776,48.5,0.263,0.273,34.0,204,212,6,negative
2,22,44,11.0,0.75,0.75,33.0,33,33,1,negative
2,18,36,9.0,0.806,0.833,29.0,29,30,1,negative
2,22,44,11.0,0.705,0.864,15.5,31,38,2,negative
3,116,348,38.667,0.385,0.494,33.5,134,172,4,negative
1,10,10,10.0,1.0,1.0,10.0,10,10,1,negative
1,13,13,13.0,1.0,1.0,13.0,13,13,1,negative
1,8,8,8.0,1.0,1.0,8.0,8,8,1,negative
1,44,44,44.0,0.25,1.0,2.2,11,44,5,negative
2,20,40,10.0,0.725,0.875,29.0,29,35,1,negative
2,20,40,10.0,0.775,0.85,31.0,31,34,1,negative
3,113,339,37.667,0.357,0.378,30.25,121,128,4,negative
2,48,96,24.0,0.625,0.677,30.0,60,65,2,negative
2,18,36,9.0,0.722,0.722,26.0,26,26,1,negative
1,17,17,17.0,0.765,1.0,3.25,13,17,4,negative
1,8,8,8.0,1.0,1.0,8.0,8,8,1,negative
2,69,138,34.5,0.623,0.906,10.75,86,125,8,negative
2,46,92,23.0,0.587,0.761,18.0,54,70,3,negative
1,57,57,57.0,0.456,1.0,3.71,26,57,7,negative
1,10,10,10.0,0.9,1.0,9.0,9,10,1,negative
2,116,232,58.0,0.616,0.802,17.88,143,186,8,negative
2,17,34,8.5,0.588,0.971,6.67,20,33,3,negative
1,43,43,43.0,0.907,1.0,9.75,39,43,4,negative
10,2,20,0.2,0.55,0.6,11.0,11,12,1,negative
2,112,224,56.0,0.496,0.504,55.5,111,113,2,negative
1,45,45,45.0,0.756,1.0,5.67,34,45,6,negative
1,75,75,75.0,0.813,1.0,5.55,61,75,11,negative
2,157,314,78.5,0.506,0.551,26.5,159,173,6,negative
1,32,32,32.0,0.719,1.0,5.75,23,32,4,negative
1,52,52,52.0,0.788,1.0,10.25,41,52,4,negative
1,13,13,13.0,0.692,1.0,4.5,9,13,2,negative
2,123,246,61.5,0.5,0.504,123.0,123,124,1,negative
1,36,36,36.0,0.722,1.0,8.67,26,36,3,negative
1,19,19,19.0,0.789,1.0,3.75,15,19,4,negative
1,9,9,9.0,0.778,1.0,7.0,7,9,1,negative
2,446,892,223.0,0.439,0.603,17.82,392,538,22,negative
2,236,472,118.0,0.566,0.689,10.27,267,325,26,negative
1,61,61,61.0,1.0,1.0,61.0,61,61,1,negative
3,213,639,71.0,0.318,0.379,11.94,203,242,17,negative
1,51,51,51.0,0.471,1.0,2.4,24,51,10,negative
19,462,8778,24.316,0.523,0.688,16.88,4591,6035,272,negative
1,52,52,52.0,0.538,1.0,14.0,28,52,2,negative
1,33,33,33.0,1.0,1.0,33.0,33,33,1,negative
1,124,124,124.0,0.444,1.0,7.86,55,124,7,negative
1,75,75,75.0,0.92,1.0,11.5,69,75,6,negative
1,8,8,8.0,0.875,1.0,7.0,7,8,1,negative
1,40,40,40.0,1.0,1.0,40.0,40,40,1,negative
1,55,55,55.0,0.564,1.0,10.33,31,55,3,negative
1,115,115,115.0,0.2,1.0,4.6,23,115,5,negative
1,11,11,11.0,1.0,1.0,11.0,11,11,1,negative
1,46,46,46.0,0.783,1.0,12.0,36,46,3,negative
2,64,128,32.0,0.531,0.586,17.0,68,75,4,negative
4,115,460,28.75,0.426,0.487,17.82,196,224,11,negative
1,48,48,48.0,0.875,1.0,10.5,42,48,4,negative
1,29,29,29.0,0.586,1.0,2.13,17,29,8,negative
1,17,17,17.0,0.412,1.0,1.75,7,17,4,negative
28,330,9240,11.786,0.057,0.066,31.0,527,614,17,negative
3,286,858,95.333,0.406,0.427,87.0,348,366,4,negative
1,18,18,18.0,0.944,1.0,17.0,17,18,1,negative
1,7,7,7.0,1.0,1.0,7.0,7,7,1,negative
1,77,77,77.0,0.403,1.0,5.17,31,77,6,negative
1,40,40,40.0,0.875,1.0,11.67,35,40,3,negative
1,28,28,28.0,0.964,1.0,27.0,27,28,1,negative
1,35,35,35.0,0.829,1.0,9.67,29,35,3,negative
1,14,14,14.0,0.571,1.0,2.0,8,14,4,negative
1,23,23,23.0,0.826,1.0,19.0,19,23,1,negative
1,79,79,79.0,0.608,1.0,6.86,48,79,7,negative
1,11,11,11.0,0.727,1.0,4.0,8,11,2,negative
1,98,98,98.0,0.939,1.0,30.67,92,98,3,negative
1,13,13,13.0,0.692,1.0,3.0,9,13,3,negative
1,17,17,17.0,0.824,1.0,4.67,14,17,3,negative
1,15,15,15.0,0.867,1.0,6.5,13,15,2,negative
9,13,117,1.444,0.103,0.752,4.0,12,88,3,negative
6,7,42,1.167,0.238,0.69,10.0,10,29,1,negative
1,42,42,42.0,0.31,1.0,2.6,13,42,5,negative
2,176,352,88.0,0.528,0.605,31.0,186,213,6,negative
1,39,39,39.0,0.897,1.0,8.75,35,39,4,negative
1,44,44,44.0,0.909,1.0,20.0,40,44,2,negative
1,14,14,14.0,0.929,1.0,13.0,13,14,1,negative
1,36,36,36.0,0.583,1.0,4.2,21,36,5,negative
1,17,17,17.0,0.765,1.0,6.5,13,17,2,negative
2,14,28,7.0,0.286,0.821,8.0,8,23,1,negative
3,183,549,61.0,0.488,0.577,29.78,268,317,9,negative
1,29,29,29.0,1.0,1.0,29.0,29,29,1,negative
1,14,14,14.0,0.929,1.0,13.0,13,14,1,negative
1,45,45,45.0,0.933,1.0,21.0,42,45,2,negative
25,300,7500,12.0,0.065,0.071,40.33,484,531,12,negative
2,50,100,25.0,0.46,0.51,15.33,46,51,3,negative
2,204,408,102.0,0.412,0.681,10.5,168,278,16,negative
6,142,852,23.667,0.115,0.173,6.53,98,147,15,negative
1,14,14,14.0,0.857,1.0,12.0,12,14,1,negative
1,69,69,69.0,0.841,1.0,8.29,58,69,7,negative
1,84,84,84.0,0.917,1.0,19.25,77,84,4,negative
1,73,73,73.0,0.616,1.0,3.75,45,73,12,negative
21,2,42,0.095,0.738,0.738,31.0,31,31,1,negative
1,147,147,147.0,0.864,1.0,11.55,127,147,11,negative
1,17,17,17.0,0.941,1.0,16.0,16,17,1,negative
2,6,12,3.0,0.667,1.0,4.0,8,12,2,negative
3,54,162,18.0,0.364,0.519,8.43,59,84,7,negative
3,11,33,3.667,0.364,0.667,3.0,12,22,4,negative
3,304,912,101.33,0.555,0.686,42.17,506,626,12,negative
3,259,777,86.333,0.411,0.481,13.29,319,374,24,negative
5,333,1665,66.6,0.374,0.413,36.65,623,688,17,negative
2,6,12,3.0,0.667,1.0,4.0,8,12,2,negative
2,49,98,24.5,0.51,0.51,50.0,50,50,1,negative
1,114,114,114.0,0.939,1.0,21.4,107,114,5,negative
1,41,41,41.0,0.927,1.0,12.67,38,41,3,negative
1,27,27,27.0,0.407,1.0,1.83,11,27,6,negative
1,41,41,41.0,0.78,1.0,4.57,32,41,7,negative
1,22,22,22.0,0.5,1.0,1.83,11,22,6,negative
1,65,65,65.0,0.646,1.0,3.0,42,65,14,negative
7,46,322,6.571,0.177,0.304,8.14,57,98,7,negative
2,9,18,4.5,0.556,0.556,10.0,10,10,1,negative
2,46,92,23.0,0.511,0.554,47.0,47,51,1,negative
1,127,127,127.0,0.646,1.0,13.67,82,127,6,negative
1,13,13,13.0,0.846,1.0,5.5,11,13,2,negative
3,129,387,43.0,0.305,0.377,11.8,118,146,10,negative
5,7,35,1.4,0.2,0.314,7.0,7,11,1,negative
6,47,282,7.833,0.202,0.202,57.0,57,57,1,negative
4,19,76,4.75,0.276,0.382,5.25,21,29,4,negative
1,47,47,47.0,1.0,1.0,47.0,47,47,1,negative
1,86,86,86.0,0.93,1.0,40.0,80,86,2,negative
1,17,17,17.0,1.0,1.0,17.0,17,17,1,negative
1,19,19,19.0,0.737,1.0,4.67,14,19,3,negative
6,21,126,3.5,0.246,0.254,31.0,31,32,1,negative
8,16,128,2.0,0.398,0.695,2.55,51,89,20,negative
2,14,28,7.0,0.464,0.536,13.0,13,15,1,negative
2,536,1072,268.0,0.505,0.512,180.33,541,549,3,negative
2,536,1072,268.0,0.538,0.737,30.37,577,790,19,negative
2,535,1070,267.5,0.564,0.614,40.2,603,657,15,negative
2,536,1072,268.0,0.537,0.622,24.0,576,667,24,negative
2,536,1072,268.0,0.498,0.533,41.08,534,571,13,negative
2,535,1070,267.5,0.648,0.92,11.75,693,984,59,negative
2,536,1072,268.0,0.532,0.558,30.0,570,598,19,negative
2,535,1070,267.5,0.545,0.629,24.29,583,673,24,negative
3,536,1608,178.67,0.341,0.353,61.0,549,567,9,negative
3,470,1410,156.67,0.352,0.387,23.62,496,545,21,negative
2,64,128,32.0,0.43,0.602,3.93,55,77,14,negative
1,257,257,257.0,1.0,1.0,257.0,257,257,1,negative
2,537,1074,268.5,0.507,0.528,181.33,544,567,3,negative
2,537,1074,268.5,0.594,0.655,21.27,638,703,30,negative
3,537,1611,179.0,0.345,0.405,22.24,556,652,25,negative
2,537,1074,268.5,0.51,0.534,49.82,548,574,11,negative
2,98,196,49.0,0.48,0.653,9.4,94,128,10,negative
2,415,830,207.5,0.505,0.578,16.76,419,480,25,negative
2,63,126,31.5,0.341,0.508,10.75,43,64,4,negative
2,475,950,237.5,0.504,0.544,95.8,479,517,5,negative
2,99,198,49.5,0.253,0.616,4.55,50,122,11,negative
2,537,1074,268.5,0.52,0.621,26.57,558,667,21,negative
1,537,537,537.0,1.0,1.0,537.0,537,537,1,negative
1,63,63,63.0,1.0,1.0,63.0,63,63,1,negative
1,186,186,186.0,0.828,1.0,9.06,154,186,17,negative
1,214,214,214.0,1.0,1.0,214.0,214,214,1,negative
1,62,62,62.0,0.984,1.0,61.0,61,62,1,negative
1,148,148,148.0,0.986,1.0,73.0,146,148,2,negative
1,278,278,278.0,0.946,1.0,29.22,263,278,9,negative
1,26,26,26.0,1.0,1.0,26.0,26,26,1,negative
1,13,13,13.0,1.0,1.0,13.0,13,13,1,negative
1,145,145,145.0,0.972,1.0,35.25,141,145,4,negative
1,36,36,36.0,0.306,1.0,1.83,11,36,6,negative
1,81,81,81.0,0.901,1.0,24.33,73,81,3,negative
1,187,187,187.0,0.963,1.0,25.71,180,187,7,negative
2,538,1076,269.0,0.519,0.684,34.88,558,736,16,negative
2,538,1076,269.0,0.637,0.703,29.78,685,756,23,negative
2,537,1074,268.5,0.538,0.555,82.57,578,596,7,negative
3,538,1614,179.33,0.37,0.424,22.11,597,685,27,negative
3,537,1611,179.0,0.353,0.364,71.13,569,587,8,negative
2,537,1074,268.5,0.621,0.747,16.68,667,802,40,negative
2,537,1074,268.5,0.538,0.594,32.11,578,638,18,negative
2,537,1074,268.5,0.556,0.655,24.88,597,704,24,negative
2,537,1074,268.5,0.537,0.609,22.19,577,654,26,negative
2,537,1074,268.5,0.523,0.567,62.44,562,609,9,negative
2,535,1070,267.5,0.55,0.586,117.8,589,627,5,negative
2,32,64,16.0,0.516,0.531,33.0,33,34,1,negative
2,536,1072,268.0,0.568,0.688,24.36,609,737,25,negative
6,39,234,6.5,0.192,0.197,45.0,45,46,1,negative
12,278,3336,23.167,0.11,0.144,15.91,366,479,23,negative
1,22,22,22.0,0.955,1.0,21.0,21,22,1,negative
1,54,54,54.0,0.944,1.0,17.0,51,54,3,negative
1,16,16,16.0,1.0,1.0,16.0,16,16,1,negative
1,413,413,413.0,0.998,1.0,412.0,412,413,1,negative
1,15,15,15.0,0.867,1.0,13.0,13,15,1,negative
1,180,180,180.0,0.983,1.0,88.5,177,180,2,negative
1,11,11,11.0,1.0,1.0,11.0,11,11,1,negative
1,7,7,7.0,1.0,1.0,7.0,7,7,1,negative
1,379,379,379.0,0.963,1.0,60.83,365,379,6,negative
1,14,14,14.0,0.643,1.0,3.0,9,14,3,negative
2,16,32,8.0,0.25,0.531,2.67,8,17,3,negative
1,19,19,19.0,0.579,1.0,3.67,11,19,3,negative
1,136,136,136.0,0.963,1.0,32.75,131,136,4,negative
1,12,12,12.0,0.75,1.0,9.0,9,12,1,negative
1,14,14,14.0,0.643,1.0,4.5,9,14,2,negative
1,15,15,15.0,0.733,1.0,3.67,11,15,3,negative
1,14,14,14.0,1.0,1.0,14.0,14,14,1,negative
1,104,104,104.0,0.971,1.0,50.5,101,104,2,negative
1,78,78,78.0,0.949,1.0,24.67,74,78,3,negative
4,9,36,2.25,0.611,0.611,22.0,22,22,1,negative
1,36,36,36.0,0.583,1.0,5.25,21,36,4,negative
1,117,117,117.0,0.974,1.0,38.0,114,117,3,negative
1,47,47,47.0,0.532,1.0,25.0,25,47,1,negative
7,1,7,0.143,1.0,1.0,7.0,7,7,1,negative
1,52,52,52.0,0.962,1.0,25.0,50,52,2,negative
1,27,27,27.0,0.259,1.0,1.4,7,27,5,negative
1,39,39,39.0,0.308,1.0,1.71,12,39,7,negative
1,34,34,34.0,0.353,1.0,1.71,12,34,7,negative
3,106,318,35.333,0.258,0.34,6.31,82,108,13,negative
1,255,255,255.0,0.686,1.0,4.86,175,255,36,negative
1,10,10,10.0,1.0,1.0,10.0,10,10,1,negative
1,9,9,9.0,0.889,1.0,8.0,8,9,1,negative
1,19,19,19.0,0.632,1.0,4.0,12,19,3,negative
1,44,44,44.0,0.727,1.0,5.33,32,44,6,negative
1,14,14,14.0,1.0,1.0,14.0,14,14,1,negative
1,30,30,30.0,0.4,1.0,2.4,12,30,5,negative
1,94,94,94.0,0.564,1.0,3.31,53,94,16,negative
1,193,193,193.0,0.57,1.0,2.97,110,193,37,negative
1,159,159,159.0,0.975,1.0,77.5,155,159,2,negative
1,32,32,32.0,0.469,1.0,1.88,15,32,8,negative
7,14,98,2.0,0.102,0.204,10.0,10,20,1,negative
1,15,15,15.0,0.533,1.0,2.0,8,15,4,negative
1,63,63,63.0,0.587,1.0,2.31,37,63,16,negative
1,42,42,42.0,0.19,1.0,1.6,8,42,5,negative
1,28,28,28.0,0.464,1.0,2.17,13,28,6,negative
1,23,23,23.0,0.348,1.0,1.6,8,23,5,negative
1,14,14,14.0,0.5,1.0,2.33,7,14,3,negative
1,45,45,45.0,0.244,1.0,1.38,11,45,8,negative
24,510,12240,21.25,0.846,0.927,38.65,10359,11341,268,negative
3,541,1623,180.33,0.71,0.747,88.62,1152,1213,13,negative
4,108,432,27.0,0.778,0.826,56.0,336,357,6,negative
1,20,20,20.0,0.75,1.0,3.0,15,20,5,negative
11,252,2772,22.909,0.092,0.095,63.75,255,262,4,negative
1,63,63,63.0,0.952,1.0,20.0,60,63,3,negative
1,76,76,76.0,0.961,1.0,36.5,73,76,2,negative
1,102,102,102.0,0.961,1.0,24.5,98,102,4,negative
5,128,640,25.6,0.759,0.764,162.0,486,489,3,negative
5,280,1400,56.0,0.78,0.786,156.0,1092,1100,7,negative
11,427,4697,38.818,0.566,0.57,189.79,2657,2676,14,negative
5,110,550,22.0,0.547,0.556,100.33,301,306,3,negative
11,552,6072,50.182,0.816,0.816,4955.0,4955,4955,1,negative
1,283,283,283.0,0.993,1.0,140.5,281,283,2,negative
1,184,184,184.0,0.967,1.0,44.5,178,184,4,negative
1,16,16,16.0,0.938,1.0,15.0,15,16,1,negative
3,550,1650,183.33,0.329,0.375,27.15,543,619,20,negative
1,235,235,235.0,0.923,1.0,27.13,217,235,8,negative
1,58,58,58.0,0.845,1.0,9.8,49,58,5,negative
1,12,12,12.0,0.667,1.0,4.0,8,12,2,negative
1,69,69,69.0,0.667,1.0,4.18,46,69,11,negative
1,107,107,107.0,0.869,1.0,18.6,93,107,5,negative
3,550,1650,183.33,0.339,0.401,15.11,559,662,37,negative
3,463,1389,154.33,0.296,0.382,13.7,411,531,30,negative
1,8,8,8.0,1.0,1.0,8.0,8,8,1,negative
3,544,1632,181.33,0.326,0.406,16.12,532,662,33,negative
1,17,17,17.0,1.0,1.0,17.0,17,17,1,negative
1,206,206,206.0,0.99,1.0,204.0,204,206,1,negative
2,325,650,162.5,0.485,0.537,28.64,315,349,11,negative
1,8,8,8.0,1.0,1.0,8.0,8,8,1,negative
1,17,17,17.0,1.0,1.0,17.0,17,17,1,negative
1,277,277,277.0,0.993,1.0,137.5,275,277,2,negative
1,199,199,199.0,0.945,1.0,37.6,188,199,5,negative
10,553,5530,55.3,0.797,0.884,21.3,4409,4890,207,negative
3,259,777,86.333,0.96,0.978,67.82,746,760,11,negative
1,34,34,34.0,0.471,1.0,1.07,16,34,15,negative
2,100,200,50.0,0.46,0.505,11.5,92,101,8,negative
2,52,104,26.0,0.231,0.529,1.5,24,55,16,negative
1,161,161,161.0,0.41,1.0,1.02,66,161,65,negative
1,71,71,71.0,0.521,1.0,2.31,37,71,16,negative
1,20,20,20.0,0.55,1.0,1.38,11,20,8,negative
1,172,172,172.0,0.465,1.0,1.04,80,172,77,negative
1,106,106,106.0,0.434,1.0,1.02,46,106,45,negative
1,288,288,288.0,0.424,1.0,1.02,122,288,120,negative
1,8,8,8.0,1.0,1.0,8.0,8,8,1,negative
1,95,95,95.0,1.0,1.0,95.0,95,95,1,negative
1,67,67,67.0,0.985,1.0,66.0,66,67,1,negative
1,10,10,10.0,1.0,1.0,10.0,10,10,1,negative
1,138,138,138.0,1.0,1.0,138.0,138,138,1,negative
17,342,5814,20.118,0.916,0.996,30.27,5328,5790,176,negative
18,342,6156,19.0,0.847,0.897,43.48,5217,5522,120,negative
2,25,50,12.5,0.36,1.0,4.5,18,50,4,negative
2,24,48,12.0,0.354,1.0,3.4,17,48,5,negative
2,21,42,10.5,0.452,1.0,6.33,19,42,3,negative
2,22,44,11.0,0.477,1.0,21.0,21,44,1,negative
1,196,196,196.0,0.98,1.0,64.0,192,196,3,negative
2,199,398,99.5,0.485,0.508,32.17,193,202,6,negative
1,159,159,159.0,0.994,1.0,158.0,158,159,1,negative
1,199,199,199.0,0.99,1.0,197.0,197,199,1,negative
8,231,1848,28.875,0.872,0.882,179.0,1611,1630,9,negative
1,70,70,70.0,1.0,1.0,70.0,70,70,1,negative
1,14,14,14.0,1.0,1.0,14.0,14,14,1,negative
1,70,70,70.0,0.943,1.0,22.0,66,70,3,negative
1,9,9,9.0,1.0,1.0,9.0,9,9,1,negative
1,131,131,131.0,0.977,1.0,64.0,128,131,2,negative
1,16,16,16.0,1.0,1.0,16.0,16,16,1,negative
4,524,2096,131.0,0.542,0.603,40.57,1136,1264,28,negative
2,18,36,9.0,0.667,0.694,24.0,24,25,1,negative
3,116,348,38.667,0.356,0.371,62.0,124,129,2,negative
3,132,396,44.0,0.505,0.558,20.0,200,221,10,negative
1,152,152,152.0,0.822,1.0,11.36,125,152,11,negative
1,52,52,52.0,0.981,1.0,51.0,51,52,1,negative
1,117,117,117.0,0.393,1.0,5.75,46,117,8,negative
1,19,19,19.0,0.684,1.0,4.33,13,19,3,negative
1,37,37,37.0,0.811,1.0,6.0,30,37,5,negative
1,46,46,46.0,0.239,1.0,1.38,11,46,8,negative
1,17,17,17.0,0.882,1.0,7.5,15,17,2,negative
1,35,35,35.0,0.857,1.0,10.0,30,35,3,negative
1,148,148,148.0,0.959,1.0,47.33,142,148,3,negative
1,33,33,33.0,0.667,1.0,3.67,22,33,6,negative
1,106,106,106.0,0.858,1.0,15.17,91,106,6,negative
1,277,277,277.0,1.0,1.0,277.0,277,277,1,negative
2,538,1076,269.0,0.518,0.596,29.32,557,641,19,negative
3,500,1500,166.67,0.373,0.421,19.28,559,632,29,negative
2,536,1072,268.0,0.586,0.686,21.66,628,735,29,negative
1,22,22,22.0,0.818,1.0,4.5,18,22,4,negative
1,10,10,10.0,0.8,1.0,4.0,8,10,2,negative
37,1,37,0.027,1.0,1.0,37.0,37,37,1,negative
1,11,11,11.0,0.909,1.0,10.0,10,11,1,negative
1,29,29,29.0,0.931,1.0,13.5,27,29,2,negative
1,18,18,18.0,0.5,1.0,3.0,9,18,3,negative
25,169,4225,6.76,0.215,0.947,1.57,907,4000,579,negative
1,28,28,28.0,0.536,1.0,3.0,15,28,5,negative
1,85,85,85.0,0.882,1.0,12.5,75,85,6,negative
17,341,5797,20.059,0.935,0.998,36.38,5420,5784,149,negative
1,126,126,126.0,0.992,1.0,125.0,125,126,1,negative
2,62,124,31.0,0.452,0.565,11.2,56,70,5,negative
1,20,20,20.0,0.85,1.0,8.5,17,20,2,negative
1,87,87,87.0,0.92,1.0,16.0,80,87,5,negative
1,279,279,279.0,0.964,1.0,38.43,269,279,7,negative
48,402,19296,8.375,0.055,0.094,4.13,1058,1814,256,negative
304,463,140752,1.523,0.063,0.121,3.91,8898,17081,2273,negative
306,465,142290,1.52,0.055,0.123,2.69,7861,17452,2925,negative
45,79,3555,1.756,0.087,0.195,4.81,308,693,64,negative
12,146,1752,12.167,0.091,0.128,26.67,160,225,6,negative
212,464,98368,2.189,0.052,0.07,11.84,5066,6884,428,negative
8,16,128,2.0,0.156,0.859,5.0,20,110,4,negative
9,10,90,1.111,0.144,0.522,6.5,13,47,2,negative
52,461,23972,8.865,0.192,0.248,11.52,4607,5938,400,negative
38,70,2660,1.842,0.059,0.062,19.63,157,165,8,negative
36,172,6192,4.778,0.128,0.337,4.84,793,2086,164,negative
7,9,63,1.286,0.143,0.238,9.0,9,15,1,negative
37,72,2664,1.946,0.12,0.257,7.64,321,685,42,negative
49,79,3871,1.612,0.084,0.179,7.36,324,694,44,negative
39,70,2730,1.795,0.09,0.255,7.0,245,697,35,negative
31,71,2201,2.29,0.159,0.296,10.29,350,651,34,negative
47,286,13442,6.085,0.183,0.317,4.67,2459,4258,526,negative
36,96,3456,2.667,0.096,0.207,7.7,331,717,43,negative
43,62,2666,1.442,0.08,0.17,6.63,212,454,32,negative
33,28,924,0.848,0.098,0.271,5.69,91,250,16,negative
17,60,1020,3.529,0.139,0.371,7.1,142,378,20,negative
5,7,35,1.4,0.229,0.6,2.67,8,21,3,negative
9,17,153,1.889,0.144,0.458,3.14,22,70,7,negative
4,8,32,2.0,0.344,0.531,5.5,11,17,2,negative
85,69,5865,0.812,0.165,0.441,1.44,969,2588,674,negative
13,13,169,1.0,0.124,0.45,3.5,21,76,6,negative
14,19,266,1.357,0.128,0.541,2.83,34,144,12,negative
14,19,266,1.357,0.113,0.504,30.0,30,134,1,negative
15,14,210,0.933,0.11,0.338,1.92,23,71,12,negative
7,24,168,3.429,0.101,0.298,1.89,17,50,9,negative
5,12,60,2.4,0.133,0.267,4.0,8,16,2,negative
8,5,40,0.625,0.275,0.45,3.67,11,18,3,negative
4,5,20,1.25,0.35,0.8,2.33,7,16,3,negative
7,15,105,2.143,0.114,0.295,2.4,12,31,5,negative
4,7,28,1.75,0.286,1.0,2.0,8,28,4,negative
4,5,20,1.25,0.35,0.8,2.33,7,16,3,negative
5,3,15,0.6,0.467,0.6,3.5,7,9,2,negative
5,9,45,1.8,0.178,0.533,1.6,8,24,5,negative
100,49,4900,0.49,0.093,0.4,1.77,458,1958,259,negative
10,7,70,0.7,0.157,0.6,1.57,11,42,7,negative
6,5,30,0.833,0.233,0.633,1.75,7,19,4,negative
6,12,72,2.0,0.139,0.514,1.43,10,37,7,negative
81,49,3969,0.605,0.113,0.398,2.26,449,1580,199,negative
6,6,36,1.0,0.194,0.417,3.5,7,15,2,negative
6,9,54,1.5,0.148,0.296,4.0,8,16,2,negative
21,68,1428,3.238,0.052,0.109,5.69,74,156,13,negative
7,47,329,6.714,0.158,0.289,5.78,52,95,9,negative
13,8,104,0.615,0.154,0.769,1.07,16,80,15,negative
8,1,8,0.125,0.875,1.0,7.0,7,8,1,negative
8,9,72,1.125,0.125,0.319,4.5,9,23,2,negative
9,6,54,0.667,0.407,0.519,5.5,22,28,4,negative
10,12,120,1.2,0.208,0.583,1.67,25,70,15,negative
24,18,432,0.75,0.139,0.377,2.07,60,163,29,negative
14,17,238,1.214,0.113,0.387,1.8,27,92,15,negative
22,22,484,1.0,0.107,0.473,1.79,52,229,29,negative
16,4,64,0.25,0.156,0.531,5.0,10,34,2,negative
16,21,336,1.313,0.095,0.515,1.6,32,173,20,negative
13,5,65,0.385,0.123,0.538,8.0,8,35,1,negative
7,11,77,1.571,0.117,0.494,1.8,9,38,5,negative
36,48,1728,1.333,0.143,0.437,3.58,247,755,69,negative
55,48,2640,0.873,0.142,0.364,4.26,375,960,88,negative
53,48,2544,0.906,0.181,0.374,4.69,460,951,98,negative
29,48,1392,1.655,0.116,0.268,5.06,162,373,32,negative
21,4,84,0.19,0.31,0.643,3.71,26,54,7,negative
19,47,893,2.474,0.078,0.112,3.89,70,100,18,negative
13,5,65,0.385,0.323,0.554,5.25,21,36,4,negative
25,9,225,0.36,0.187,0.436,2.47,42,98,17,negative
8,4,32,0.5,0.438,0.594,7.0,14,19,2,negative
5,4,20,0.8,0.45,0.65,4.5,9,13,2,negative
9,4,36,0.444,0.25,0.75,9.0,9,27,1,negative
12,4,48,0.333,0.292,1.0,2.0,14,48,7,negative
6,5,30,0.833,0.367,1.0,2.2,11,30,5,negative
6,13,78,2.167,0.103,0.449,4.0,8,35,2,negative
4,11,44,2.75,0.159,0.932,1.75,7,41,4,negative
54,48,2592,0.889,0.143,0.264,6.85,370,685,54,negative
52,48,2496,0.923,0.138,0.248,7.67,345,619,45,negative
68,34,2312,0.5,0.224,0.526,2.44,519,1215,213,negative
67,30,2010,0.448,0.169,0.46,2.26,339,924,150,negative
20,39,780,1.95,0.14,0.405,3.21,109,316,34,negative
6,17,102,2.833,0.137,0.627,2.8,14,64,5,negative
37,20,740,0.541,0.131,0.193,4.22,97,143,23,negative
34,25,850,0.735,0.256,0.534,2.06,218,454,106,negative
34,27,918,0.794,0.219,0.554,3.09,201,509,65,negative
36,43,1548,1.194,0.117,0.183,3.07,181,283,59,negative
16,29,464,1.813,0.144,0.496,2.58,67,230,26,negative
101,99,9999,0.98,0.14,0.778,2.02,1398,7780,691,negative
30,60,1800,2.0,0.154,0.457,1.85,278,823,150,negative
32,106,3392,3.313,0.198,0.395,4.56,671,1341,147,negative
31,105,3255,3.387,0.242,0.456,4.89,787,1485,161,negative
31,37,1147,1.194,0.189,0.555,2.07,217,637,105,negative
30,61,1830,2.033,0.157,0.483,1.88,288,884,153,negative
29,61,1769,2.103,0.121,0.431,1.78,214,762,120,negative
83,277,22991,3.337,0.18,0.365,6.86,4138,8387,603,negative
54,357,19278,6.611,0.299,0.655,6.4,5766,12626,901,negative
54,357,19278,6.611,0.324,0.644,6.22,6238,12422,1003,negative
83,315,26145,3.795,0.295,0.594,9.21,7725,15523,839,negative
83,326,27058,3.928,0.286,0.671,7.55,7741,18149,1025,negative
83,314,26062,3.783,0.282,0.619,8.77,7353,16139,838,negative
160,286,45760,1.788,0.201,0.226,55.42,9199,10347,166,negative
91,285,25935,3.132,0.158,0.165,113.89,4100,4287,36,negative
118,105,12390,0.89,0.052,0.105,3.33,642,1296,193,negative
158,167,26386,1.057,0.16,0.276,8.24,4213,7279,511,negative
11,48,528,4.364,0.237,0.39,7.35,125,206,17,negative
311,463,143993,1.489,0.088,0.16,3.93,12631,23092,3212,negative
153,442,67626,2.889,0.114,0.215,6.27,7689,14538,1227,negative
7,13,91,1.857,0.154,0.484,2.0,14,44,7,negative
16,30,480,1.875,0.133,0.471,2.29,64,226,28,negative
17,9,153,0.529,0.209,0.497,1.88,32,76,17,negative
53,48,2544,0.906,0.157,0.269,7.84,400,685,51,negative
86,67,5762,0.779,0.164,0.935,2.37,947,5386,399,negative
32,350,11200,10.938,0.142,0.402,3.96,1588,4497,401,negative
31,105,3255,3.387,0.224,0.417,5.35,728,1358,136,negative
28,61,1708,2.179,0.172,0.509,1.97,294,870,149,negative
83,314,26062,3.783,0.298,0.671,8.75,7772,17482,888,negative
197,198,39006,1.005,0.273,0.332,46.93,10654,12964,227,negative
28,31,868,1.107,0.492,0.745,7.49,427,647,57,positive
28,32,896,1.143,0.481,0.742,7.43,431,665,58,positive
29,31,899,1.069,0.463,0.726,6.93,416,653,60,positive
28,32,896,1.143,0.488,0.743,7.05,437,666,62,positive
28,32,896,1.143,0.462,0.722,7.02,414,647,59,positive
28,31,868,1.107,0.508,0.767,7.47,441,666,59,positive
29,32,928,1.103,0.476,0.72,7.25,442,668,61,positive
29,32,928,1.103,0.432,0.689,6.27,401,639,64,positive
153,158,24174,1.033,0.587,0.641,46.95,14180,15491,302,positive
83,149,12367,1.795,0.388,0.472,28.77,4804,5838,167,positive
95,93,8835,0.979,0.675,0.902,3.63,5966,7968,1644,positive
93,104,9672,1.118,0.451,0.611,4.25,4366,5908,1028,positive
168,145,24360,0.863,0.798,0.963,13.06,19430,23457,1488,positive
187,137,25619,0.733,0.899,0.991,29.29,23025,25400,786,positive
132,547,72204,4.144,0.37,0.483,20.66,26693,34874,1292,positive
128,347,44416,2.711,0.399,0.567,13.07,17721,25163,1356,positive
168,135,22680,0.804,0.82,0.904,62.81,18591,20513,296,positive
174,471,81954,2.707,0.339,0.433,15.84,27820,35499,1756,positive
72,96,6912,1.333,0.488,0.582,15.69,3374,4025,215,positive
163,161,26243,0.988,0.523,0.897,8.4,13725,23547,1634,positive
186,469,87234,2.522,0.378,0.529,22.29,33017,46133,1481,positive
64,73,4672,1.141,0.403,0.445,72.38,1882,2077,26,positive
63,66,4158,1.048,0.491,0.591,44.37,2041,2458,46,positive
65,50,3250,0.769,0.454,0.487,245.83,1475,1582,6,positive
63,79,4977,1.254,0.338,0.345,186.78,1681,1718,9,positive
178,140,24920,0.787,0.574,0.649,21.52,14292,16177,664,positive
166,472,78352,2.843,0.359,0.547,17.12,28093,42821,1641,positive
187,141,26367,0.754,0.415,0.884,4.69,10947,23301,2333,positive
162,502,80786,3.21782831240228,0.37456804778099984,0.5092662747407491,21.59073973537872,30304,41302,1399,positive
65,83,5459,1.2736811856444716,0.3753693398312754,0.4040435569334151,144.1565309884473,2102,2292,60,positive
29,31,920,1.0946544577188793,0.43960917090337487,0.6980819136588667,6.43200170310411,404,642,63,positive
63,72,4618,1.1314094801982584,0.41207490045756207,0.4600560848500462,69.49150043390553,1898,2116,28,positive
162,479,77752,2.9697786684098837,0.3600719180265248,0.5407633860274923,17.464962710354335,27956,42046,1606,positive
28,31,897,1.1056113244388586,0.4625052523724479,0.7240210094897914,6.974527286479693,415,650,59,positive
141,533,74812,3.862514010026757,0.37138834027113804,0.4909829565590439,20.942874330244383,27790,36827,1324,positive
63,74,4714,1.188069782187694,0.38696758895768363,0.42373220185353044,141.2017363172306,1796,1954,20,positive
181,179,30486,1.08937026759946,0.8437317878744901,0.9379258000760698,28.38836546192221,23408,26389,838,positive
178,470,84008,2.63499768943418,0.3541788654706324,0.47036336115847965,18.350350827835353,29842,39637,1648,positive
64,50,3265,0.773031606350671,0.4534472797745048,0.48654481863782745,243.95020935074226,1479,1587,6,positive
153,158,24369,1.0287421889388668,0.5809444464908329,0.6652222140366685,43.30247519096262,14136,16253,428,positive
180,457,83325,2.539253181912579,0.3799170202125088,0.5324688937178731,21.448336840031846,31620,44218,1469,positive
168,471,79502,2.7995733452877034,0.3526137272481917,0.5105982453146928,16.71127854388427,28005,40482,1677,positive
73,95,7008,1.315321936335985,0.49733841216149943,0.5979801705437424,15.087747322632705,3503,4221,286,positive
28,31,894,1.1412218572897521,0.46348178559187336,0.7231360356204362,7.043214640939349,414,647,58,positive
180,469,84981,2.600913990697192,0.36136407763680817,0.4880500372598355,19.538674378395196,30800,41596,1598,positive
29,32,928,1.103,0.45980083733547117,0.7085869535772638,6.889200467926403,426,657,62,positive
173,142,24668,0.8210818596703523,0.6744517969231436,0.7898118939011924,17.726150884063415,16596,19441,1033,positive
28,31,896,1.1213024028943432,0.4622932107716981,0.7231728430867922,6.993611030547174,414,648,59,positive
86,101,8764,1.188662877254532,0.4631605881786869,0.6014687281842724,8.009922399031838,4039,5289,760,positive
28,32,896,1.143,0.47477785066546374,0.7354503691215407,7.295732566991585,425,659,58,positive
139,377,53711,2.7100094981177505,0.3841424717662608,0.5338181869446491,13.755922553457626,20221,27722,1455,positive
67,93,6517,1.366755737344316,0.3484210478137076,0.3714694614468172,153.8474046991213,2331,2576,41,positive
70,79,5723,1.1361612172842748,0.4130983291458614,0.47992338829610404,58.04668406859295,2404,2882,236,positive
29,31,901,1.0721010075036554,0.4601726108054906,0.7226253741871984,6.869803971987864,414,651,60,positive
94,98,9248,1.0477244223536588,0.5642498517466218,0.7581236913315488,3.9365405889156007,5174,6949,1339,positive
64,71,4590,1.1195881412738082,0.4059354967608489,0.4474174679206991,82.36356692488695,1858,2048,24,positive
77,82,6547,1.0680236789364452,0.525528144007944,0.6508653007780529,41.41011065975682,3721,4730,754,positive
176,143,25246,0.8148731753503019,0.6288938179739967,0.9281190903915032,9.364389703504834,15684,23388,1861,positive
173,471,81549,2.722272231144871,0.34124591634483403,0.44580172316555383,15.983738646069376,27850,36321,1743,positive
94,96,9128,1.027777186744739,0.5963950371883344,0.7998837313473451,3.8475673077822887,5404,7245,1427,positive
168,432,72178,2.5959885953377517,0.42221618887090717,0.598977755293857,18.544705589923964,27499,40781,1540,positive
28,31,896,1.1324186155280902,0.46214299168205286,0.7225719667282113,7.0071307486152445,414,647,59,positive
173,487,83649,2.90882975535426,0.37609208505373976,0.5180294890590037,21.901262329699478,31508,43447,1435,positive
28,31,878,1.1207441497206145,0.5003643612663252,0.7578372335195903,7.309651586592829,439,666,60,positive
162,479,77730,2.97456060163575,0.36011234943735065,0.5405281487281415,17.47797427347468,27951,42017,1605,positive
170,460,78796,2.70733642722446,0.34404640836689987,0.44427031201940964,15.607024147061457,26970,34629,1722,positive
71,86,6380,1.2133318018784403,0.37179048814511945,0.42454221103187406,132.19789556523318,2483,2970,313,positive
28,31,896,1.0717649942418392,0.46511012718456163,0.7273824971209196,6.970747283563949,416,652,59,positive
28,31,872,1.1134130378655471,0.5031902216008396,0.7625465014822589,7.462874402371614,439,665,58,positive
183,235,42167,1.3128778435930766,0.7344956472076379,0.8270831627533249,25.338957955254873,24433,28366,1070,positive
93,93,8678,1.0077974683472326,0.6597877780199648,0.875968390194592,4.6110662945413114,5755,7647,1527,positive
177,140,24872,0.7934476662704746,0.593003647955083,0.6756390422227503,20.802272938839277,14727,16794,733,positive
163,160,26195,0.9855416824442162,0.5269680451851508,0.8970935229504918,9.12694053375104,13790,23506,1616,positive
68,84,5881,1.2263328232095057,0.48912281238726835,0.5853684371618051,26.42408642228553,2875,3438,151,positive
63,68,4348,1.0824697196772208,0.4583834910581136,0.5368862465282339,54.75168653934361,1982,2316,38,positive
28,32,896,1.143,0.4655568082221075,0.7257440086548499,7.096752177424424,417,650,58,positive
29,32,928,1.103,0.4343210625951102,0.6906352941011004,6.321696394163818,403,640,63,positive
168,144,24336,0.8621740627655494,0.7983079765958969,0.9621740627655494,13.756447074812172,19418,23415,1471,positive
68,91,6569,1.3022906668406522,0.39930067277888415,0.4516587889980086,61.62482265914244,2602,3004,60,positive
164,423,71123,2.593113061665343,0.3859014512961492,0.5432978642501748,18.820886621404956,27261,38242,1433,positive
163,478,77838,2.951634432424968,0.35991850788368535,0.5416559541312852,17.415592537113287,27976,42157,1611,positive
28,31,889,1.1349772889733878,0.4686855925221769,0.727125620933669,7.124740949514105,416,647,58,positive
144,402,59401,2.7692906390348737,0.3813361699894322,0.558168084994716,14.858462788569991,22301,32960,1481,positive
81,81,6850,1.0082713186380414,0.5969431502985564,0.7700669551241903,20.91280465672181,4300,5630,966,positive
63,78,4948,1.2434180455157051,0.34408696496884217,0.35436456149052636,176.0669416548378,1699,1751,10,positive
28,31,871,1.1027744956723662,0.4887752730131216,0.7428872478361831,7.427729409908555,425,647,57,positive
79,79,6530,1.0129911321960694,0.5843569808104819,0.7487935925655428,23.6995467488096,4032,5253,856,positive
153,157,24198,1.02983233310989,0.5850471731000039,0.6437589356784829,46.47019497212887,14143,15579,325,positive
28,31,884,1.0868091043957768,0.4765911586178297,0.7349045521978884,7.19244995951671,421,650,58,positive
71,93,6705,1.3012449525154437,0.4860856886268175,0.5766511888102254,28.647635865418046,3267,3887,203,positive
81,142,11718,1.7401061226841508,0.3998817916268072,0.4850699707894879,27.21586165521362,4634,5622,172,positive
29,31,902,1.0729958923904215,0.4593566863499098,0.7216515288692471,6.85243267712711,414,651,60,positive
28,32,907,1.1289684120846426,0.46835577691849956,0.7240573563142674,6.776384035650529,424,656,62,positive
175,138,24351,0.7913172370524878,0.6364729597007058,0.7137585557873171,32.00580693513067,15383,17278,570,positive
63,70,4457,1.1022532951540358,0.43966354867144997,0.5058281602958147,60.710159110371436,1948,2235,34,positive
72,95,6984,1.3196090821599877,0.4950737334352606,0.5941047844881466,15.233800934602975,3472,4174,269,positive
28,31,885,1.1295046591371467,0.47324611738571115,0.7306220233290451,7.19618917237614,418,647,58,positive
65,83,5529,1.276571254816267,0.38085681294227913,0.412713764448801,137.89751915803646,2164,2377,67,positive
174,142,24821,0.8193246144653927,0.575708211333537,0.6479487930255157,24.861524170142026,14277,16086,616,positive
29,31,905,1.0766022585096613,0.456068529005897,0.7177269539747803,6.782426746577161,412,649,60,positive
167,145,24353,0.869252168295096,0.790239955821969,0.9511576576998768,14.306388138357683,19236,23164,1444,positive
168,144,24366,0.862076259923574,0.7952773976694811,0.9591834949473976,13.162826855875847,19367,23368,1477,positive
129,350,45546,2.7108795153068304,0.3971927296024584,0.5629637627788235,13.15343565001984,18025,25474,1368,positive
133,543,72624,4.081979206527023,0.3686620427295321,0.48084200440247116,20.451969224398223,26741,34900,1312,positive
28,31,871,1.1109188479068695,0.505060864069848,0.7642785778424518,7.465645724547922,439,665,58,positive
180,469,84740,2.6093752948190345,0.3595803432543657,0.4836593064722848,19.243672153606635,30562,41110,1610,positive
186,140,26356,0.7542321617280631,0.4161185974170312,0.8823467270880356,4.808402481312175,10970,23250,2321,positive
185,142,26357,0.7712683961480833,0.42297002899142305,0.8849593553415602,4.963785255168331,11152,23319,2281,positive
165,153,25402,0.9322317855501651,0.6456900717896368,0.9264456172295128,10.479039034689846,16270,23506,1568,positive
154,157,24241,1.0244354074377284,0.5817200361264849,0.648459483844559,45.65272515526313,14080,15730,364,positive
168,140,23558,0.8348627728060388,0.8084918474282567,0.9348627728060388,36.7858822525351,19029,22053,919,positive
171,153,26288,0.9012792813236514,0.48297505291860837,0.8921821822957584,7.025068947481824,12695,23455,1893,positive
29,31,907,1.079344544574523,0.4669552670432,0.7241744921339077,7.027360419524922,423,657,60,positive
63,65,4192,1.03354758358763,0.39072676351306174,0.4095448311970238,213.620649874537,1587,1656,7,positive
28,31,885,1.1295920908830264,0.48948976767966373,0.7437448838398318,7.213874444763012,433,658,60,positive
167,147,24609,0.8892586792669173,0.5794039139449997,0.6456745144953848,32.09088704779556,14245,15891,513,positive
28,31,893,1.1394416883776757,0.4836687337167433,0.7444710497377253,7.43395367958036,431,665,58,positive
166,456,75955,2.7471081374795236,0.3835410453843872,0.5671781928716073,17.673082448755544,27862,42029,1602,positive
141,525,73931,3.7784668903405083,0.3669094049144855,0.5009816441339028,19.665390308843506,27086,37106,1390,positive
28,31,896,1.1393304498216654,0.48010740671337804,0.741206583745225,7.405205742038279,430,664,58,positive
29,31,902,1.0727310313477088,0.4644265708094181,0.7253415827033455,6.965115589154906,418,654,60,positive
77,124,9881,1.5844865802130006,0.4335656752785713,0.5221222428064284,22.810009673562874,4152,5011,188,positive
179,140,25140,0.7823827622858002,0.8606333923779552,0.980363712738443,23.12475206231894,21659,24661,1052,positive
28,32,919,1.1140952473192454,0.440321435489434,0.6981535790383774,6.478035887235849,404,641,62,positive
165,157,25994,0.9501876468955239,0.5325941791459118,0.8503459523885072,10.86814961557575,13831,22160,1451,positive
159,412,67379,2.6096389985336566,0.38773766650373964,0.5466205393877193,18.014700706453365,25924,36409,1423,positive
29,32,928,1.103,0.46045250196685367,0.7090460809311924,6.903714816534468,427,657,62,positive
174,470,82049,2.7093536119041297,0.3669105338748334,0.5395058100133158,19.272497901730993,30143,44199,1574,positive
166,471,78632,2.832428089372762,0.3574453072607003,0.5381382513859918,17.02049966468482,28071,42251,1649,positive
28,31,868,1.107,0.5075903169226587,0.7664366857686556,7.470512103846676,440,665,58,positive
28,31,895,1.1425035868012656,0.4880551570220816,0.7430275785110408,7.056067272428974,436,665,61,positive
148,523,76740,3.6544183001400263,0.372414706287842,0.4968845611550917,21.151996406147816,28601,38272,1349,positive
28,31,883,1.1262994691883883,0.4972780726731176,0.7541336872077411,7.244839526135469,438,666,60,positive
184,140,25919,0.7642144113374488,0.46421489098952606,0.811261010172713,9.899349782098895,11982,21095,1816,positive
29,31,922,1.0966690306700362,0.4377723543890846,0.6958895842708428,6.392895286993413,403,641,63,positive
182,242,43379,1.3553406653786424,0.7224494566301725,0.8150799942850646,25.049634270849676,24536,28583,1091,positive
155,154,23931,0.9957607208900199,0.6248897468673597,0.6837682550477064,49.52910465800998,14897,16307,301,positive
71,94,6739,1.3259632475750136,0.47463907767407637,0.5608897427250407,30.92946800494849,3223,3819,196,positive
163,158,25908,0.9658171553653961,0.5718022581961286,0.9087125419670709,9.226976447978032,14737,23531,1608,positive
185,142,26360,0.7657468202896898,0.4204216093644722,0.884652601127205,4.876242321686963,11086,23313,2297,positive
86,133,11398,1.5711871188449016,0.4667185010925407,0.5899406113930052,21.874588440883368,5122,6422,572,positive
177,148,26319,0.8444608441510252,0.4567511588389347,0.8890256024528348,6.12422962307822,12020,23396,2062,positive
151,503,75780,3.3871341902140952,0.36360067339919677,0.5202324456774005,18.600580348468792,27507,39497,1495,positive
28,31,896,1.0715563176325476,0.46602721824906945,0.7287581321824854,6.966326618988832,417,653,59,positive
29,31,902,1.073553827756986,0.4588479805745127,0.721044363911515,6.84160216707027,413,651,60,positive
28,31,898,1.0723461815878579,0.46413046675265474,0.7267687173918052,6.935426240412743,416,653,60,positive
133,544,72461,4.106110657647449,0.3691826237905852,0.4816816512751374,20.532911182923247,26722,34890,1304,positive
170,471,80597,2.7581990178954148,0.346529267337561,0.47591682382409767,16.321873109603903,27922,38255,1712,positive
28,31,890,1.136179919908146,0.4861150600688905,0.7467361667304542,7.437577866768726,432,665,58,positive
168,144,24376,0.8613458968109428,0.7992851109391906,0.9633562683791815,13.266508421218454,19475,23481,1479,positive
155,156,24201,1.0074291285124002,0.6187379640228444,0.6894342389353361,41.85237156050143,14969,16689,480,positive
179,140,25108,0.7857630070042224,0.8580072022505657,0.9796356600298598,22.702741510165154,21565,24611,1070,positive
151,424,65426,2.792722406924705,0.37423563426524087,0.5546178171326205,15.577392030644363,24142,36095,1532,positive
28,31,895,1.1419169183213258,0.4818123112590057,0.7427521400546349,7.431203424087416,431,665,58,positive
28,31,891,1.1373162812328854,0.4852627890753359,0.7459470269216073,7.436315243074572,432,665,58,positive
64,53,3479,0.8291417218474567,0.44575476394026803,0.4802098055978678,217.78811383214688,1540,1662,9,positive
168,150,25201,0.9022346084172033,0.5063847765152651,0.7548924378301778,27.143027067064555,12664,19151,1253,positive
165,145,24158,0.8803267884301305,0.6967986078057135,0.9010962634836364,40.23967087780764,16572,21771,851,positive
28,31,875,1.1168426545895054,0.4954232746911875,0.7546966817631182,7.3469668176311815,433,660,59,positive
135,523,69577,3.9517031809236878,0.3998226377283404,0.511638752298671,21.1465205360975,26486,34339,1263,positive
165,158,26064,0.9608091976272657,0.5298991588109923,0.8634511493112532,10.174842423533702,13801,22550,1502,positive
64,71,4673,1.101323212397928,0.49043870302739023,0.5893161090821707,39.00400094185063,2290,2751,77,positive
186,140,26366,0.7540093167815577,0.4150448899475052,0.8839336532222407,4.694751558594422,10947,23298,2332,positive
63,73,4673,1.1413800374106486,0.4027813944098039,0.4446636837073905,72.76474583874521,1881,2075,25,positive
28,31,883,1.1269955414016946,0.49689136588794747,0.753669639065537,7.236718683646896,438,666,60,positive
63,74,4742,1.1671044220846023,0.38798418198673323,0.42189874151805107,98.8078397033496,1835,1994,22,positive
63,65,4107,1.0325896386371975,0.4889563320056498,0.5852556359077725,55.49749605788605,2009,2409,43,positive
28,31,891,1.1375873060643868,0.48265387870254844,0.7424510578279677,7.439021156559355,430,662,57,positive
172,488,83516,2.9231986210274665,0.3760212151860544,0.5176219873198129,21.886822594158588,31452,43348,1434,positive
182,140,25715,0.7688679564652331,0.4866365175143048,0.778122128202128,12.272657797268874,12454,20091,1581,positive
170,143,24522,0.8462092760303056,0.811045100930301,0.9666164636242418,15.156257307908763,19894,23707,1397,positive
93,103,9633,1.1116130927889625,0.4612925698940462,0.6243711510677118,4.2215116369004075,4439,6002,1056,positive
75,85,6641,1.1319420165923704,0.4219036175463578,0.5103750106811539,45.54867784513846,2860,3585,420,positive
64,56,3644,0.8798917606691794,0.42747743456159837,0.4545327216185083,232.32864233502053,1522,1613,6,positive
179,147,26326,0.8308220398490296,0.45045632608416747,0.8882678911027239,5.907990460854272,11859,23381,2103,positive
64,56,3596,0.8755422209122471,0.46812925510305786,0.5267146629923788,168.8981153226477,1691,1916,21,positive
174,142,24810,0.8164388466557307,0.8341744345213169,0.9730285561049196,18.872980913673,20717,24152,1236,positive
93,99,9236,1.0716629952348973,0.6424089710387065,0.8531702353541596,6.484837867898674,5834,7726,1476,positive
28,31,896,1.118696416473867,0.4750883175206704,0.7367451711294848,7.265786597796399,426,661,58,positive
28,32,911,1.1238123080361517,0.45749507734428585,0.716576308147901,6.8735569330484,416,652,60,positive
170,143,24487,0.8456961977719086,0.7469993197487832,0.8915079750049908,14.986186405916492,18260,21799,1300,positive
170,471,80225,2.772257763848769,0.34859672997776014,0.4877013608732328,16.454190718576648,27950,39012,1700,positive
64,52,3384,0.8102413614111273,0.459469284488214,0.5023731239668718,216.0504850541731,1558,1711,11,positive
174,470,82331,2.6991620952466095,0.3675137700632848,0.5389343230979408,19.43664164353591,30299,44305,1569,positive
64,57,3648,0.8914983059416273,0.47024529505319074,0.5326624509603198,157.37656374551892,1723,1966,23,positive
168,143,24152,0.8557225625568423,0.8007136207415164,0.9557225625568423,19.19648326774734,19326,23093,1340,positive
63,59,3791,0.9354282803267413,0.47607113395014133,0.5490377819139107,125.6556582271495,1812,2104,29,positive
28,31,871,1.111824548224223,0.4879795431464808,0.7419176497456352,7.427012842628199,425,647,57,positive
177,140,24903,0.7891874833998138,0.5804473194941879,0.6580377603623885,21.27649855838915,14439,16386,687,positive
70,72,5303,1.0311044706414798,0.5360547449560541,0.6671523134855044,34.394291796143236,3002,3807,437,positive
147,518,75905,3.5983848252949286,0.3582295960919574,0.46401547756767325,18.8298920375237,27120,35111,1468,positive
184,140,25938,0.7637653676527256,0.46205131687222345,0.8144587455033175,9.670337502890067,11936,21192,1839,positive
172,143,24761,0.8393891837311921,0.5767685340996158,0.6472962867079287,26.9356786271716,14268,16030,586,positive
176,140,24843,0.7973642321445945,0.6045472105314363,0.6918206433342458,20.366297316535928,14992,17169,776,positive
94,93,8807,0.9841488116464302,0.6722801475201061,0.8973457069862778,3.805408667954656,5928,7910,1623,positive
178,145,25837,0.8223998274956822,0.7671790778887195,0.9580447694721799,21.96622589653019,19764,24750,1083,positive
64,61,3958,0.967889921875503,0.40643045167513747,0.42876831153335787,221.6146394087661,1559,1637,7,positive
29,32,928,1.103,0.4492587379843882,0.7011595653980917,6.654399164197738,417,650,62,positive
28,31,883,1.1272509028071458,0.4751242476607119,0.7320619232065457,7.225613213351153,419,647,58,positive
187,140,26295,0.7519873325843687,0.46138719186502575,0.894255019689169,7.047696115453789,12104,23502,2184,positive
64,55,3566,0.8661632752995008,0.4668854522798621,0.5232185685704233,175.6704536134859,1672,1887,19,positive
165,147,24411,0.8934259339945948,0.6756548782804638,0.9005979264241187,36.36616810518531,16226,21987,946,positive
160,154,24648,0.9726391905547789,0.5497883181914766,0.6935723179039023,37.80717631844071,13480,17180,741,positive
164,154,25496,0.9384321522098412,0.6320492651383494,0.9231718236332038,10.24788936561712,15987,23511,1576,positive
68,89,6180,1.303144849318002,0.431313005034181,0.492434547954006,80.34718645801313,2734,3153,137,positive
179,139,25016,0.7795676402723243,0.6187317946573078,0.6960716116086132,22.58943398303779,15493,17446,680,positive
63,79,5074,1.2579878707310463,0.3455719064513537,0.35696361219313877,178.143483501586,1766,1834,19,positive
28,31,872,1.1122946453134455,0.4903821917097806,0.7445587795572128,7.4811755911442575,427,649,57,positive
186,161,29754,0.8779160279312102,0.8578890700904369,0.950035894840114,28.3026035584221,23377,26141,857,positive
174,151,26304,0.8728447874193881,0.4698514403474099,0.890602488189966,6.574248552674914,12357,23425,1977,positive
91,107,9747,1.18972742085195,0.600883860558199,0.7909549130314479,10.122263921835813,5665,7417,1262,positive
171,149,25527,0.8792862870038906,0.5505840764318487,0.7628656675470888,15.496138878154012,14031,19560,1109,positive
28,32,896,1.142201303011419,0.4800215961889884,0.7409417264901302,7.406837787331153,430,664,58,positive
172,137,23783,0.7956254924021212,0.698815948877754,0.7783823860318183,42.469798899034416,16473,18377,477,positive
166,428,73157,2.584134054344339,0.3849037838160377,0.5414925611909253,19.258910153149174,27988,39239,1439,positive
183,140,25836,0.766097771807548,0.4732892641636406,0.7978492007644306,10.859863621849506,12173,20689,1721,positive
28,31,898,1.0867707757895864,0.4627598543812218,0.7250394175248872,6.951613105690037,415,651,59,positive
154,156,24060,1.0156272978631158,0.6046761554493186,0.6609520552925786,48.153192383803415,14514,15871,301,positive
164,158,26072,0.9620951758959595,0.5295728658174431,0.865037828966159,10.090901951467718,13798,22597,1508,positive
28,31,896,1.1335246079171248,0.47869517489876007,0.7399512665766756,7.365977080521113,429,663,58,positive
175,420,73396,2.407144083006731,0.42406550836688484,0.5177617029798602,17.88309122774036,27091,33964,1608,positive
63,67,4271,1.0765983975657785,0.46975944258464025,0.5568485155282451,64.14037765700249,1991,2355,40,positive
73,87,6663,1.2051589652932373,0.3785811538372368,0.4405273178823449,121.22886716893076,2645,3222,374,positive
63,63,3992,0.9972554564526386,0.48427043687723165,0.572084471222489,81.0115618030517,1938,2298,38,positive
28,31,877,1.119444022199659,0.48162998150028413,0.7370496524835511,7.327536376837784,422,647,57,positive
186,140,26217,0.7574059824731016,0.4314106428249441,0.8597452763279128,6.427051061281823,11292,22565,2160,positive
77,123,9781,1.5760297221985529,0.4353961640262872,0.524135780428916,22.57058174536163,4126,4978,189,positive
174,136,23905,0.7873778869260514,0.6853608841010159,0.8973511547704206,43.4884557628421,16049,21439,973,positive
28,32,922,1.1098927948480652,0.4371695961360489,0.6946865557496538,6.399239903401222,403,640,63,positive
28,31,890,1.1360775953228879,0.4861918035078341,0.7468072254702167,7.437691560752347,432,665,58,positive
163,160,26188,0.9797854081304377,0.5250842994295905,0.8868645831659132,8.936196245416204,13748,23245,1594,positive
81,140,11445,1.71695200086066,0.4048935063072165,0.49058285693793807,26.56032937501609,4562,5531,175,positive
168,471,79355,2.8051117138916535,0.3534281932193608,0.5152407013503567,16.763404366039094,28016,40781,1673,positive
89,88,8007,0.9912137234150955,0.6424300708930786,0.8469497393899318,10.841407129434664,5271,6992,1361,positive
61,48,3044,0.7986266462748566,0.4520485442573448,0.5049179118189252,224.58042101315976,1379,1498,11,positive
64,51,3359,0.8026574080370676,0.45846352723072226,0.49954613059446246,221.52669740807298,1543,1687,10,positive
157,358,50738,2.5722836222403727,0.613751968289312,0.7170756141606247,24.636520768122423,25002,30508,1058,positive
63,62,3970,0.990432892564784,0.48336565241898566,0.5695412932857975,85.93799091003095,1924,2277,37,positive
164,424,71636,2.590847003738086,0.3856496670820096,0.5428422547198268,18.931431881136746,27445,38494,1435,positive
165,148,24473,0.8966287778372937,0.6704850705561075,0.9004760791040161,35.419066292787235,16141,22040,969,positive
63,74,4723,1.1902213346976493,0.38536959121970715,0.42116287215717607,142.6891275451079,1792,1947,20,positive
163,160,26190,0.9800982598919391,0.5250049191318961,0.8872505893194075,8.915775274715218,13747,23257,1595,positive
64,82,5365,1.2698465784861857,0.3680884401636436,0.39253973545855686,152.4611251493481,2020,2180,50,positive
168,153,25750,0.9132079782876725,0.5419770801359637,0.8047192965937451,13.28194688987929,13935,20804,1273,positive
61,69,4365,1.137893156785943,0.4089684093322677,0.46748373378593977,67.05503424916996,1764,1961,28,positive
176,139,24636,0.7891491633901848,0.6050996584697328,0.6812374508527719,26.739938610631164,14835,16725,617,positive
65,68,4528,1.042540195636695,0.5055594783021464,0.6156086834346061,41.146341597666066,2351,2893,172,positive
185,138,25657,0.7485748797629902,0.8760346870945712,0.9852586717736428,28.014081418631896,22456,25286,837,positive
29,31,919,1.093586159962995,0.47240059057408634,0.7216612658888832,7.161399152592895,434,663,60,positive
28,31,898,1.0833411052953135,0.4628062012797931,0.7252248051191722,6.947441884818624,415,651,59,positive
74,109,8285,1.4493040230427499,0.4628259690383658,0.5543085659422023,18.982763249781748,3733,4481,202,positive
175,143,25164,0.8240887248906319,0.5645894280128247,0.6947612128003816,19.09908422604433,14187,17536,842,positive
181,145,26341,0.8029877416607902,0.4376097269203647,0.8867215412033772,5.4666859895791955,11528,23352,2186,positive
173,347,58815,2.061303863110184,0.5590549355073463,0.7114896136393736,21.62864549097112,26215,36367,1324,positive
170,150,25561,0.8843891200233953,0.5492893277552579,0.7691617003273733,15.1630584342938,14017,19747,1133,positive
29,31,910,1.0819793377679698,0.46796268797010615,0.7237095286291817,7.052158473110305,425,658,60,positive
50,53,2966,1.0682902501763376,0.4854662954064534,0.6385898595045006,30.675925699170044,1451,1797,51,positive
48,41,2175,0.9234865951884714,0.46417576375492925,0.5947705888590235,135.47846742495358,997,1159,31,positive
28,32,896,1.143,0.4762019478245414,0.7369494187626752,7.32646308463484,426,660,58,positive
29,32,928,1.103,0.4336140609271863,0.6901371792896085,6.3059495388327855,402,640,63,positive
66,78,5237,1.189467893314052,0.42445714026924175,0.4795838613751308,58.06934962513746,2258,2568,73,positive
93,100,9432,1.078155592437953,0.5152096927618602,0.6944152705075952,4.072276743248422,4824,6498,1204,positive
28,32,896,1.143,0.46399107008394325,0.724095863246256,7.062965196548248,415,648,58,positive
28,31,882,1.125420387916164,0.4977664511576867,0.754719741389224,7.25509547431142,438,666,60,positive
28,31,882,1.1261560854695514,0.49735773029469366,0.7542292763536325,7.246512336188567,438,666,60,positive
28,31,896,1.1350692711608565,0.4621071720113398,0.7224286880453591,7.01035451897942,414,647,59,positive
28,31,880,1.1231068452056443,0.4874190311261211,0.7468664434929445,7.268664434929445,428,657,59,positive
165,152,25240,0.921422841693122,0.6694697482751314,0.9321527395860315,10.881996461680409,16763,23499,1556,positive
28,31,874,1.1157289381308502,0.5014532964018623,0.7609382374091318,7.460301179854611,438,665,58,positive
63,67,4296,1.0730396204782924,0.4673065956764545,0.5516904882813903,51.91150289889216,1998,2355,40,positive
168,141,23726,0.8407402343768273,0.8063002515883017,0.9407402343768273,31.829887114454976,19113,22346,1038,positive
82,147,12257,1.7857271066266904,0.39000711977777264,0.47420783175554987,28.507468733067338,4775,5801,167,positive
28,31,877,1.0947609917078391,0.48265970419808785,0.7388804958539196,7.309635667273421,423,648,57,positive
29,32,928,1.103,0.466696287692152,0.7134451117831071,7.042780953143386,433,661,61,positive
76,126,9946,1.617823932471748,0.3716251323911043,0.43040783627340484,80.51785661763229,3781,4488,115,positive
28,31,896,1.1341376022453755,0.4850059467045187,0.7409640437590728,7.03562854418169,434,664,61,positive
91,108,9967,1.1921130309390913,0.4441032186866134,0.5957832920228454,6.934271076257776,4413,5900,933,positive
64,63,4094,0.9898163927221061,0.42372678486874354,0.46206911695072994,142.87138893105026,1716,1875,17,positive
28,32,896,1.143,0.4857537162340114,0.7426791023191445,7.171941118725094,435,665,60,positive
174,144,25198,0.8293765810399251,0.5632477331689743,0.7012855328253801,18.75392665052828,14172,17730,868,positive
67,87,5941,1.2933769337153955,0.41276632983935857,0.46313080114618654,101.5015241852276,2524,2867,111,positive
28,32,925,1.1064768115234969,0.4346076086426227,0.6918683695068849,6.335190216065567,402,639,63,positive
28,31,880,1.1236641644945322,0.47811319625455645,0.7343534504618265,7.2724400746547175,420,647,57,positive
66,86,5776,1.2866395516763505,0.3999738322968681,0.4429186550290516,116.09264688219221,2380,2671,94,positive
90,115,10358,1.2903374759772088,0.4349626868736128,0.5756160869116218,10.49182409300023,4477,5890,808,positive
68,76,5331,1.0895440159264609,0.4733235754281909,0.5409923431081805,115.03212796929841,2554,2970,124,positive
164,158,26074,0.9623563591380917,0.5295065954425737,0.8653600849067002,10.073853572677796,13797,22606,1510,positive
64,54,3507,0.8481734777178441,0.4644997085145528,0.5165126942030673,188.66050601778898,1635,1830,17,positive
180,136,24551,0.7587788430443031,0.8703164985845078,0.9594118402133187,41.46051857528225,21415,23625,608,positive
168,153,25774,0.9168293655076518,0.5410582206920883,0.8091874758502371,13.045565793729391,13925,20937,1290,positive
28,31,880,1.1224519810319191,0.4994155660933782,0.7566986793120539,7.289726887960943,439,666,60,positive
28,32,907,1.1287561309640861,0.45131709822306465,0.710248808045371,6.752927455576615,409,644,60,positive
63,66,4221,1.0470695521667157,0.4934811942220917,0.5951937576253833,43.82063123582599,2093,2532,67,positive
80,99,8000,1.2482415861617309,0.4734136683162048,0.5934325302386503,11.180063933442788,3765,4767,535,positive
182,136,24921,0.7498431022132556,0.8802590834528564,0.9703612691189685,37.241842058990535,21973,24240,669,positive
180,456,82875,2.541236887325256,0.38013743192502847,0.5328677339595753,21.351565602439877,31460,43998,1468,positive
28,31,891,1.1374970709893641,0.46658577417553,0.7255157602012396,7.091843795416636,415,647,58,positive
65,73,4835,1.1180979525895849,0.4902621268148465,0.5887863804445393,37.315932349932304,2368,2843,87,positive
28,32,922,1.1094272549303823,0.47680340686629774,0.7235349902117102,7.27892264718672,440,667,60,positive
172,471,81281,2.7323731152709776,0.34273134048102616,0.45426864074184886,16.078805790785673,27870,36865,1734,positive
175,138,24281,0.7918466178677954,0.6441334114986863,0.7216992680169311,33.29157951536895,15517,17413,559,positive
176,140,24822,0.8001763932424014,0.6128356853460251,0.703439308922553,20.053259383806374,15182,17439,806,positive
28,31,898,1.0766393585776446,0.4655808643843394,0.7277549877813507,6.942388149044829,418,654,60,positive
181,459,83798,2.53716417793005,0.3796849086588945,0.5320488823351425,21.55024486499966,31789,44450,1470,positive
182,140,25608,0.7713088758558184,0.49839731094167045,0.7607398234509901,13.517526686467384,12701,19564,1457,positive
157,159,25023,1.0145321427854652,0.5607346030726617,0.7460615877093534,31.12920231954855,13993,18797,848,positive
28,32,896,1.1422951446763443,0.4801365522285217,0.7410660666961562,7.4095591956139835,430,664,58,positive
28,31,868,1.107,0.5062073775653112,0.7645351441523028,7.472240778043361,439,663,58,positive
168,152,25716,0.908031024591806,0.5432906355513328,0.7983318114366561,13.619865459480131,13950,20614,1248,positive
64,75,4906,1.1609663366379088,0.40254205649913055,0.44582429830156506,71.04860559513884,1971,2191,30,positive
28,31,896,1.1330475273161547,0.4846376781473495,0.7407136211401977,7.033860855107277,434,664,61,positive
68,83,5835,1.2291218016491021,0.3586708559827314,0.3936588291274915,153.39016511037207,2172,2484,195,positive
171,385,64752,2.298825034935177,0.49826752660426754,0.6615088552079533,20.25867740513692,26785,38328,1420,positive
91,111,10132,1.2336908966630746,0.4402340819944259,0.5872466253527808,8.440163642804414,4440,5896,880,positive
29,31,908,1.0802661305225694,0.45272793981765735,0.7137397991372039,6.711304525150124,411,648,61,positive
28,32,925,1.1058249604348966,0.47684748813046895,0.7216243522500655,7.235875197825517,441,667,61,positive
173,142,24671,0.8206860201309414,0.6732851119648797,0.788176451593626,17.770214074897847,16569,19403,1029,positive
28,32,896,1.143,0.4701393589000719,0.7305677462106019,7.195638797317341,421,654,58,positive
53,56,3253,1.0633988501513156,0.48680031359509573,0.6271173030821766,33.977176043330246,1593,1956,50,positive
65,72,4792,1.113694514040298,0.4903084787995758,0.5889254363987274,37.75905732394475,2348,2819,84,positive
163,156,25576,0.9535839502654158,0.5785519933215845,0.8983093062399027,18.577050359014848,14635,22979,1383,positive
180,139,25211,0.7750783007325517,0.8663083971231714,0.9819369813806812,24.036685993159125,21861,24771,1013,positive
28,32,914,1.1200174575446566,0.4781271821930821,0.7293596016495612,7.326578558950955,437,666,59,positive
169,471,80125,2.7760350115010857,0.3491522075736891,0.4908675831700279,16.489741284716104,27958,39215,1697,positive
94,95,9037,1.012694952805696,0.620700219939022,0.8314587678672116,3.7802940340973494,5578,7468,1494,positive
167,146,24576,0.8773546030924004,0.7664198731967191,0.9554207695672126,12.524860396715312,18774,23467,1504,positive
42,50,2504,1.1617963735913135,0.4222655658569453,0.5739825159156122,77.1553837804537,924,1076,40,positive
86,101,8875,1.180055568946655,0.46167933046988946,0.6026297139560326,7.551933529068526,4079,5364,793,positive
80,99,8067,1.2429662176058616,0.47250581419263665,0.5941440915787443,10.899365253074684,3789,4813,555,positive
172,471,81397,2.7279933292772913,0.3420872543054841,0.4505973495412591,16.03758427555098,27862,36629,1738,positive
73,115,8811,1.5347032048965437,0.3639429949072591,0.41089520706443816,104.79494749407971,3301,3855,90,positive
182,138,25246,0.7617598293577856,0.7259084344207346,0.8088544140673577,25.151780109074178,18373,20487,721,positive
29,31,900,1.0707620002519624,0.4613934703585048,0.7240825291375702,6.895796465697198,415,652,60,positive
84,83,7260,1.0022256951953805,0.6130648128123186,0.7973160694816908,17.343258293620323,4644,6113,1106,positive
183,469,86040,2.5651471112974105,0.3754461211381595,0.5314194641849016,21.595076120225503,32355,45687,1502,positive
28,32,896,1.143,0.4797958755610174,0.7407325005905446,7.404016262106165,429,663,58,positive
72,95,6931,1.3294459222660406,0.48987743654308025,0.5852127256352175,15.568920402622737,3400,4064,229,positive
83,95,8158,1.1618401229165625,0.41457401551785633,0.5252538772367237,63.08924732323619,3500,4557,699,positive
64,54,3520,0.8397267061420759,0.4443035967385864,0.4790147267258947,212.85272263348642,1552,1676,9,positive
28,31,875,1.1161670635714955,0.49098143738094496,0.7444907186904725,7.377958111903944,429,651,58,positive
149,522,76991,3.6273974154472133,0.3725479782222086,0.49765087477769926,21.179150562774996,28707,38459,1352,positive
28,32,896,1.143,0.4863215950192278,0.7427602278598897,7.141113413241919,435,665,61,positive
68,86,6006,1.255362638196706,0.45362929295166676,0.5266025074632746,38.61323979494131,2770,3237,138,positive
64,57,3678,0.9005697566054942,0.47144831897635586,0.5360439236092165,150.82626105468512,1741,1995,24,positive
80,99,8048,1.2444542034583372,0.47276188617655107,0.5939433865102708,10.978539942155248,3782,4800,549,positive
87,129,11134,1.5103234945009159,0.4881251924978397,0.622013354613488,19.999451779109098,5209,6581,682,positive
176,141,25013,0.8011646420061871,0.5704059863566391,0.6664767722265392,20.595422372531473,14252,16696,732,positive
69,76,5377,1.1135603440616122,0.4490715210817377,0.5224069306410077,60.73508428540638,2573,3074,300,positive
83,147,12243,1.7664619591038742,0.3980372766387109,0.48703842841339956,27.890776534156124,4844,5912,218,positive
28,31,898,1.0781979945379303,0.46610743058713866,0.7281130527992542,6.944915666818265,418,654,60,positive
69,87,6170,1.2562972304330386,0.48880739757438907,0.5844221927231672,23.40872081115948,3015,3603,169,positive
71,94,6792,1.328128896088862,0.47875106852315563,0.5673866882665859,26.239331242488646,3269,3882,202,positive
63,74,4727,1.1614793364767195,0.3912198506992321,0.426876693383434,93.11306276935152,1845,2011,22,positive
62,48,3095,0.7912097533005037,0.4525370821179309,0.500432246008089,229.9001541896148,1403,1519,9,positive
164,156,25755,0.9556400811612573,0.5941918214452337,0.9140860371468561,9.606377774308324,15201,23523,1596,positive
28,32,896,1.143,0.4730636990573223,0.7309360646232218,7.032765806604602,423,655,60,positive
64,70,4593,1.0930787986238926,0.4905254863302748,0.5895764589908244,39.833649317427245,2251,2705,72,positive
90,102,9286,1.1480510609746524,0.4561715779351727,0.6069466010778376,5.848995988604752,4227,5644,914,positive
184,205,37152,1.1371423263885767,0.7843496946415386,0.8767591600178188,26.536345344515524,24006,27467,984,positive
64,54,3536,0.844005363057761,0.44371700667756503,0.47853165255799474,210.85774133771872,1557,1681,10,positive
171,143,24566,0.8417247274274584,0.8145292502294362,0.9675823664002396,15.716135952710385,20018,23774,1373,positive
28,32,896,1.143,0.46627091074620586,0.7254495817565508,7.024927973937929,417,650,59,positive
169,135,23095,0.8008477702439335,0.7743853811769199,0.8567165536590025,55.153790198353775,17793,19708,364,positive
181,140,25404,0.7759515082829747,0.5207663580906958,0.727678653136393,15.885269224317046,13172,18562,1222,positive
177,137,24438,0.780153271238456,0.6268414970314933,0.8944613084953824,35.09056248758122,14945,21842,1267,positive
181,140,25439,0.7751585940239244,0.5169459530243631,0.7333251637690231,15.480882952201453,13091,18733,1262,positive
74,96,7250,1.3065981162748184,0.483456420010085,0.5855611843164198,14.285174186901958,3495,4256,314,positive
63,73,4655,1.173156307870937,0.3980441014356632,0.4415414964259683,130.8918922519425,1822,2008,23,positive
28,31,868,1.107,0.5050655910315452,0.7629651876683747,7.4736680112105685,438,662,58,positive
28,32,913,1.1205653963428088,0.4698521112800169,0.7208782698171404,7.14899897102885,429,658,60,positive
172,153,26289,0.8997950035145716,0.48229000162211,0.8920997224174763,7.001536166833593,12677,23454,1897,positive
166,148,24574,0.9008192272747232,0.5800148372137048,0.6452985617146432,33.28594694957809,14240,15859,496,positive
64,58,3770,0.9151682689696089,0.41904016659695953,0.4442043418686918,228.03363653060742,1537,1622,6,positive
74,109,8288,1.4496044663585719,0.4627609380176251,0.5542370318193875,18.991269307294637,3734,4482,202,positive
150,408,63082,2.7090108815603697,0.36916322340554875,0.5003645322723922,14.447464519443834,22743,30302,1554,positive
64,55,3580,0.855383122594616,0.4421571525475123,0.47724706680383366,205.55270802678456,1569,1696,10,positive
186,140,26221,0.7573140390819393,0.4309676428493436,0.8604000247195236,6.380159931789013,11282,22585,2165,positive
28,32,896,1.143,0.4853127614503875,0.7426161087786268,7.19587866412182,434,665,60,positive
187,139,26025,0.7444146100833937,0.6359204152208295,0.9328398438608032,15.91859961659588,16459,24259,1626,positive
28,32,896,1.143,0.4792229701083264,0.7401294422192909,7.391653565495464,429,663,58,positive
66,85,5704,1.2836851983227946,0.3943643006129012,0.43405559496838386,122.49087872092491,2317,2584,86,positive
132,325,42291,2.5095846758594886,0.4134953570478372,0.6055763534337602,12.52408614989194,17253,24974,1388,positive
166,471,78568,2.8348171688114325,0.3577966424722695,0.5401408620919362,17.04298511822525,28076,42380,1647,positive
28,31,887,1.0831470939832861,0.47975313761178623,0.7412639698240718,7.131037651341434,425,657,59,positive
187,138,25869,0.7400330179077989,0.7369056825059703,0.9551650992316918,21.051321879435683,18980,24697,1304,positive
84,141,11875,1.681353988706676,0.42797108485439217,0.5318869912452565,25.268700093242444,4965,6134,372,positive
88,102,9103,1.1622845843068865,0.45862106799699903,0.6050267304888386,6.606351834747814,4161,5520,860,positive
179,136,24502,0.7599748343290755,0.8689857477183526,0.9579463297657806,42.02516122127623,21340,23543,599,positive
28,32,910,1.124338443679053,0.45813959350683975,0.717273437874745,6.888814866692533,417,652,60,positive
154,158,24393,1.028225166237293,0.5802091253152613,0.6681634987389549,42.85955907661442,14131,16345,443,positive
29,31,905,1.076187694818366,0.4657482362540811,0.7247315832673472,6.99764889240815,421,656,60,positive
182,469,85886,2.570687636394213,0.37511817728507774,0.5317301478351896,21.505840871781675,32270,45630,1505,positive
28,32,896,1.143,0.4701047737626843,0.7285461634237065,7.029351662033866,421,652,59,positive
28,31,889,1.1340543909666791,0.4837333805379591,0.7427454674194434,7.444909348388868,430,660,57,positive
187,139,26175,0.7486228721440262,0.5389299943948244,0.9113977466947236,10.988921202712149,14039,23838,1936,positive
162,160,26173,0.98950895956311,0.5251460758230899,0.8884156967076405,9.692675359064296,13740,23276,1589,positive
28,32,909,1.1257955873948526,0.46802154441180155,0.7211397793697426,7.118925372479597,426,656,59,positive
172,144,24836,0.8371079967457352,0.7070216766386845,0.9442342361735145,11.07177919964958,17414,23419,1688,positive
184,143,26351,0.7828368409977506,0.42830931122973104,0.8856020467220973,5.14719948761391,11289,23331,2246,positive
28,31,868,1.107,0.4974733079794545,0.7525257984717499,7.483158365025682,431,653,57,positive
187,140,26233,0.7502464033981122,0.5015114645387457,0.9031254684000947,9.087070305068483,13105,23676,2056,positive
28,31,871,1.1027959939957022,0.488791679628299,0.7428979969978511,7.428046227305084,425,647,57,positive
28,32,896,1.143,0.48207483395785833,0.7421535477082655,7.371651870859116,431,665,58,positive
28,31,892,1.1384104081560487,0.46582465986995947,0.7249322392336356,7.0799196712960315,415,647,58,positive
147,264,36670,1.9466192529618533,0.46852527584806425,0.5995775578259501,16.427077605235105,16358,21592,1081,positive
28,31,890,1.135702633168064,0.4680811390266134,0.7266622065870703,7.115271178083609,416,647,58,positive
175,143,25118,0.8171334028971036,0.5663542112052125,0.6861795219824959,19.55308335318409,14206,17281,809,positive
166,140,23496,0.8461822567228061,0.7519123356159054,0.9023952402333716,50.33643158539198,17475,21208,602,positive
173,136,23704,0.7901126284196534,0.7075122901991918,0.8984450513678613,46.66731927500501,16467,21287,861,positive
69,91,6370,1.3108828863871398,0.44600548048191113,0.5156486591614196,63.58894896233214,2900,3379,157,positive
29,31,909,1.0812009804818998,0.46766508077249114,0.7238468857973117,7.044832757476705,425,658,60,positive
172,471,81070,2.744757450673939,0.3648149795551251,0.5414910720004078,18.702286542105092,29599,43834,1592,positive
28,31,897,1.109161608807722,0.4727690399802567,0.7346835910935615,7.201362221673798,424,659,58,positive
182,136,24878,0.7508777331823937,0.8791078743463507,0.9690934818750951,37.73030445456106,21908,24169,662,positive
171,143,24553,0.8367271044937021,0.7205640974551221,0.8544514580397693,15.984588105043159,17653,20940,1203,positive
131,510,67157,3.8837704718235573,0.37526633378724134,0.4982542082113197,19.28167332947718,25063,33110,1303,positive
162,160,26053,0.9921197247399867,0.5288591640746478,0.8735633437014089,11.929230860588625,13766,22809,1512,positive
172,148,25453,0.8702336892602524,0.48665661130022725,0.7827642061281672,22.295862753183748,12293,20047,1486,positive
28,31,880,1.0917676461629817,0.48996168624563624,0.7505650919126907,7.253540234947634,430,660,59,positive
28,31,897,1.1031884294696659,0.4713161044655944,0.7333920928583061,7.161002901822066,422,658,59,positive
65,52,3443,0.7987321964589361,0.4557923664531983,0.4920080827368775,233.69778777826318,1575,1710,17,positive
84,142,11953,1.6911811000904136,0.39766113839631306,0.49331584503313514,25.009823595593712,4736,5848,299,positive
172,142,24591,0.8315534672332766,0.7053154823717626,0.8330761672532743,16.560495621137896,17304,20444,1147,positive
29,32,928,1.103,0.45374089812908347,0.7043174509545815,6.7542290946932235,421,653,62,positive
168,141,23707,0.8400757998906443,0.8065480068204377,0.9400757998906442,32.39015178712627,19104,22313,1024,positive
174,464,80933,2.6712504971376605,0.34914170293967073,0.443105482572029,16.083581972390306,27733,35316,1738,positive
28,32,896,1.143,0.4644296457300611,0.724557521821117,7.072429197332897,416,649,58,positive
63,80,5108,1.2593626556837947,0.34818225762745814,0.3610879670513838,175.16611695012125,1795,1874,22,positive
181,282,50117,1.5914270955949015,0.6554745828099571,0.7483443164427785,23.44104131927486,25110,29791,1207,positive
39,42,1907,1.086315795313229,0.4805502376418466,0.6808679562801191,18.51032141768976,927,1210,56,positive
186,162,30394,0.8716486070738181,0.8586221775933711,0.9551947141039105,28.74749566824107,23799,27006,839,positive
180,235,41057,1.350726481598729,0.7409088625292353,0.861013953635149,25.72709417959406,24508,30500,1036,positive
89,102,9250,1.1507958942265664,0.4566439445878277,0.6065763677554864,5.99504665093915,4214,5620,903,positive
68,83,5745,1.2122421826475418,0.48927113491949953,0.5858134047584986,27.842049830415796,2809,3361,143,positive
165,298,43940,2.0744949767880785,0.6909522595365307,0.7912112435624907,25.895950850284045,24467,29125,985,positive
49,42,2265,0.9106596442149969,0.4446691252313475,0.572674395603082,144.2252563828004,1019,1182,30,positive
28,31,898,1.0885031265637706,0.46273644423562477,0.7249457769424988,6.953720018793774,415,651,59,positive
169,144,24491,0.8558460046098226,0.7728625666565327,0.9578149941667522,12.510651913616655,18873,23446,1543,positive
167,471,79013,2.819107492643075,0.3604141982547712,0.545660233232322,17.504810788271968,28459,43067,1629,positive
169,151,25646,0.8973812863477695,0.5459928079416108,0.7851918358917752,14.315012552822214,13980,20224,1196,positive
29,31,924,1.0991499064414143,0.4355103794210634,0.6931898076961079,6.344737110254898,402,640,63,positive
186,141,26365,0.7575471594428137,0.41663715051206784,0.8841970644134897,4.746239151849739,10989,23304,2322,positive
28,32,901,1.1365559234578373,0.45716694259337803,0.7166836368527157,6.8991735648344505,411,645,59,positive
28,31,898,1.0782250384090417,0.46524392826165883,0.7279946028992522,6.992331340601633,417,654,59,positive
